{"generated":"2026-04-04 15:46","season_2526":{"total":14660,"graded":10908,"t1_ultra":{"n":213,"acc":0.9202},"t1_premium":{"n":504,"acc":0.8016},"t1":{"n":1434,"acc":0.7838},"t2":{"n":1652,"acc":0.6798},"t12":{"n":3086,"acc":0.7281},"pl":2076.4,"monthly":{"2025-10":{"wins":121,"total":191,"pl":79.43700000000032},"2025-11":{"wins":438,"total":590,"pl":403.7569999999983},"2025-12":{"wins":412,"total":601,"pl":311.21499999999907},"2026-01":{"wins":461,"total":652,"pl":412.204999999998},"2026-02":{"wins":321,"total":410,"pl":330.5909999999994},"2026-03":{"wins":453,"total":593,"pl":484.5679999999978},"2026-04":{"wins":41,"total":49,"pl":54.62999999999998}}},"season_2425":{"total":23144,"graded":20289,"t1_ultra":{"n":375,"acc":0.912},"t1_premium":{"n":559,"acc":0.8444},"t1":{"n":1791,"acc":0.8241},"t2":{"n":1493,"acc":0.6685},"t12":{"n":3284,"acc":0.7533},"pl":2743.4,"monthly":{"2024-12":{"wins":186,"total":252,"pl":175.06399999999928},"2025-01":{"wins":600,"total":797,"pl":653.7249999999952},"2025-02":{"wins":529,"total":706,"pl":563.6459999999962},"2025-03":{"wins":766,"total":1007,"pl":912.2379999999927},"2025-04":{"wins":393,"total":522,"pl":438.7549999999984}}}}