{"generated":"2026-04-04 02:12","season_2526":{"total":14626,"graded":10006,"t1_ultra":{"n":195,"acc":0.9282},"t1_premium":{"n":435,"acc":0.7954},"t1":{"n":1351,"acc":0.7883},"t2":{"n":1498,"acc":0.6923},"t12":{"n":2849,"acc":0.7378},"pl":1996.3,"monthly":{"2025-10":{"wins":119,"total":185,"pl":81.5280000000003},"2025-11":{"wins":424,"total":572,"pl":397.5759999999986},"2025-12":{"wins":388,"total":567,"pl":306.03499999999923},"2026-01":{"wins":439,"total":601,"pl":405.3909999999984},"2026-02":{"wins":277,"total":352,"pl":288.05199999999945},"2026-03":{"wins":422,"total":535,"pl":473.5729999999981},"2026-04":{"wins":33,"total":37,"pl":44.17699999999999}}},"season_2425":{"total":23144,"graded":19531,"t1_ultra":{"n":393,"acc":0.916},"t1_premium":{"n":594,"acc":0.8232},"t1":{"n":1878,"acc":0.812},"t2":{"n":1577,"acc":0.6823},"t12":{"n":3455,"acc":0.7528},"pl":2837.8,"monthly":{"2024-12":{"wins":189,"total":255,"pl":182.60899999999933},"2025-01":{"wins":645,"total":850,"pl":679.9939999999949},"2025-02":{"wins":559,"total":746,"pl":590.0949999999958},"2025-03":{"wins":808,"total":1074,"pl":937.1409999999922},"2025-04":{"wins":400,"total":530,"pl":447.93499999999847}}}}