{"generated":"2026-04-03 20:03","season_2526":{"total":13904,"graded":11775,"t1_ultra":{"n":274,"acc":0.8723},"t1_premium":{"n":486,"acc":0.8128},"t1":{"n":1444,"acc":0.8054},"t2":{"n":1287,"acc":0.7086},"t12":{"n":2731,"acc":0.7598},"pl":2188.6,"monthly":{"2026-04":{"wins":32,"total":37,"pl":44.90399999999999},"2026-03":{"wins":535,"total":681,"pl":619.8239999999959},"2026-02":{"wins":325,"total":417,"pl":371.76699999999914},"2026-01":{"wins":497,"total":685,"pl":492.5589999999974},"2025-12":{"wins":421,"total":575,"pl":396.11999999999875},"2025-11":{"wins":265,"total":336,"pl":263.4189999999992}}},"season_2425":{"total":0,"graded":0,"t1_ultra":{"n":0,"acc":0.0},"t1_premium":{"n":0,"acc":0.0},"t1":{"n":0,"acc":0.0},"t2":{"n":0,"acc":0.0},"t12":{"n":0,"acc":0.0},"pl":0,"monthly":{}}}