{"generated":"2026-04-03 22:36","season_2526":{"total":13904,"graded":10942,"t1_ultra":{"n":184,"acc":0.913},"t1_premium":{"n":407,"acc":0.8133},"t1":{"n":1335,"acc":0.794},"t2":{"n":1439,"acc":0.697},"t12":{"n":2774,"acc":0.7437},"pl":1989.5,"monthly":{"2025-10":{"wins":126,"total":190,"pl":87.5270000000003},"2025-11":{"wins":403,"total":549,"pl":370.1249999999988},"2025-12":{"wins":378,"total":545,"pl":303.12799999999913},"2026-01":{"wins":420,"total":567,"pl":401.75699999999864},"2026-02":{"wins":283,"total":350,"pl":313.3229999999994},"2026-03":{"wins":428,"total":544,"pl":479.571999999998},"2026-04":{"wins":25,"total":29,"pl":34.087}}},"season_2425":{"total":23144,"graded":20302,"t1_ultra":{"n":369,"acc":0.9214},"t1_premium":{"n":642,"acc":0.8209},"t1":{"n":1914,"acc":0.813},"t2":{"n":1571,"acc":0.6703},"t12":{"n":3485,"acc":0.7486},"pl":2832.0,"monthly":{"2024-12":{"wins":206,"total":276,"pl":202.24299999999934},"2025-01":{"wins":626,"total":827,"pl":684.083999999995},"2025-02":{"wins":567,"total":774,"pl":571.2769999999958},"2025-03":{"wins":807,"total":1073,"pl":927.7779999999923},"2025-04":{"wins":403,"total":535,"pl":446.66299999999825}}}}